Language,original,english,czech,german,russian,polish,hungarian,italian,spanish,french,chinese,japanese,portuguese,chinesesimp,
tpm_afk,AFK WARNING,AFK WARNING,AFK UPOZORNĚNÍ,AFK-WARNUNG,ПРЕДУПРЕЖДЕНИЕ ОБ AFK,OSTRZEŻENIE O AFK,AFK FIGYELMEZTETÉS,AVVISO AFK,ADVERTENCIA AFK,AVERTISSEMENT AFK,AFK警告,AFK警告,AVISO DE AFK,AFK警告,
tpm_afk_text,You're about to get kicked! Move way from your position now!,You're about to get kicked! Move way from your position now!,Chystáte se dostat kopačky! Okamžitě se posuňte ze své pozice!,Du wirst gleich getreten! Bewegen Sie sich jetzt von Ihrer Position weg!,Вас вот-вот кикнут! Смените свою позицию!,Zaraz zostaniesz wyrzucony! Odsuń się od swojej pozycji już teraz!,Rúgni készülsz! Távolodjon el a pozíciójától most!,Stai per essere preso a calci! Allontanati dalla tua posizione, ora!,¡Estás a punto de ser pateado! ¡Muévete para no ser expulsado!,Vous êtes sur le point de vous faire éjecter ! Bougez maintenant !,你要被踢了！ 現在從你的位置移開！,蹴られるぞ！今すぐそこを離れろ!,Você está prestes a ser chutado! Saia da sua posição agora!,你要被踢了！ 现在从你的位置移开,
tpm_pristine,pristine,pristine,Nepoškozený,makellos,Нетронуто,dziewiczy,ősi,incontaminato,buen estado,Intact,原始的,新品同様,imaculado,原始的,
tpm_worn,worn,worn,Opotřebený,getragen,Поношено,używany,kopott,logoro,gastado,Usé,磨損,ボロボロになっている,desgastado,磨损,
tpm_damaged,damaged,damaged,Silně Opotřebený,beschädigt,Повреждено,uszkodzony,sérült,danneggiato,dañado,Abîmé,損壞的,損傷している,estragado,损坏的,
tpm_badly_dmg,badly damaged,badly damaged,Skoro Zničený,schwer beschädigt,Сильно повреждено,poważnie uszkodzony,súlyosan megsérült,danneggiato gravemente,muy dañado,Très abîmé,嚴重受損,かなり損傷している,gravemente danificado,严重受损,
tpm_ruined,ruined,ruined,Zničený,ruiniert,Уничтожено,zrujnowany,romos,rovinato,destruido,Détruit,毀了,壊れている,arruinado,毁了,
tpm_trade,Trade,Trade,Obchodovat,Handel,Торговля,Handel,Kereskedelmi,Commercio,Comercio,Trade,貿易,トレード,Troca,贸易,
tpm_pack_vehicle,Pack Vehicle,Pack Vehicle,Sbalit vozidlo,Fahrzeug packen,Запаковать автомобиль,Spakuj pojazd,Csomagolja a járművet,Pacchetto veicolo,Desplegar vehículo,Emballer le véhicule,包車,乗り物を格納する,Pacote de veículos,包车,
tpm_deploy_vehicle,Deploy Vehicle,Deploy Vehicle,Spawnutí vozidla,Fahrzeug bereitstellen,Распаковать автомобиль,Rozmieść pojazd,Telepítse a járművet,Distribuisci veicolo,Empaquetar vehículo,Déployer le véhicule,部署車輛,乗り物をデプロイ,Implantar Veículo,部署车辆,
tpm_cant_be_sold,Sorry ! It can't be sold !,Sorry ! it can't be sold !,"Litujeme, toto nejde prodat!",Es kann leider nicht verkauft werden!,Данный товар не может быть продан.,Niestety nie mozna go sprzedac!,Sajnos nem lehet eladni!,Purtroppo non è vendibile!,¡Desafortunadamente ! ¡no se puede vender!,L'ARTICLE NE PEUT ÊTRE VENDU !,對不起，不能賣！,ごめんなさい、売れません！,Infelizmente ! não pode ser vendido!,对不起，不能卖!,
tpm_cant_be_bought,SORRY ! YOU CAN'T BUY THIS ITEM,SORRY ! YOU CAN'T BUY THIS ITEM,"Litujeme, ale tuto položku nejde zakoupit!",ES TUT UNS LEID ! SIE KÖNNEN DIESEN ARTIKEL NICHT KAUFEN,Вы не можете купить данный товар.,NIE MOŻESZ KUPIĆ TEGO PRZEDMIOTU,SAJNÁLOM ! NEM VÁLHATJA EZT A TÉTELET,SCUSA ! NON PUOI ACQUISTARE QUESTO ARTICOLO,¡LO SIENTO! NO PUEDES COMPRAR ESTE ARTÍCULO,PARDON ! VOUS NE POUVEZ PAS ACHETER CET ARTICLE,對不起 ！ 你不能買這個項目,ごめんなさい ！ この商品は購入できません,DESCULPE ! VOCÊ NÃO PODE COMPRAR ESTE ARTIGO,对不起 ！ 你不能买这个项目,
tpm_already_bought,YOU ALREADY BOUGHT THIS PRODUCT!,YOU ALREADY BOUGHT THIS PRODUCT!,TENTO PRODUKT jste již koupili!,SIE HABEN DIESES PRODUKT BEREITS GEKAUFT!,Вы уже купили данный товар.,KUPIŁEŚ JUŻ TEN PRODUKT!,MÁR VETTÉK EZT A TERMÉKET!,HAI GIÀ ACQUISTATO QUESTO PRODOTTO!,¡YA COMPRÓ ESTE PRODUCTO!,VOUS AVEZ DÉJÀ ACHETÉ CE PRODUIT !,您已經購買了該產品！,あなたはすでにこの製品を購入しました！,VOCÊ JÁ COMPROU ESTE PRODUTO!,您已经购买了该产品,
tpm_tradeqty_over_itemqty,Trade quantity is over item quantity !,Trade quantity is over item quantity !,Objem obchodu presahuje množství zboží !,Die Handelsmenge übersteigt die Warenmenge !,Количество в сделке превышает количество товара.,Kwota handlu przekracza ilosc towarów !,A kereskedelem összege meghaladja az áruk mennyiségét,La quantità di scambi supera la quantità di merci !,¡La cantidad de comercio excede la cantidad de bienes!,La quantité commerciale requise est supérieur à la quantité de l'item !,交易數量超過物品數量！,取引数量がアイテム数量を超えました!,A quantidade de comércio excede a quantidade de mercadorias !,交易数量超过物品数量,
tpm_tradeqty_over_stockqty,Trade quantity is over stock capacity!,Trade quantity is over stock capacity!,Množství obchodu presahuje skladovou kapacitu!,Die Handelsmenge übersteigt die Lagerkapazitä!,Требуемое количество превышает остатки на складе.,Wielkosc handlu przekracza pojemnosc magazynu!,A kereskedelem mennyisége meghaladja a készlet kapacitását !,Il volume degli scambi supera la capacità dello stock !,El volumen de comercio supera la capacidad del stock.,La quantité commerciale est supérieur à la capacité du stock !,交易量已超過庫存容量！,取引量が在庫容量を超えています!,O volume de negociação excede a capacidade do estoque !,交易量已超过库存容量,
tpm_totalqty,TOTAL QUANTITY:,TOTAL QUANTITY:,CELKOVÉ MNOŽSTVÍ:,GESAMTMENGE:,В НАЛИЧИИ,CALKOWITA ILOSC:,TELJES MENNYISÉG:,IMPORTO TOTALE:,CANTIDAD TOTAL:,QUANTITE TOTALE:,總數（量：,合計:,MONTANTE TOTAL:,总数（量：,
tpm_not_too_fast,NOT TOO FAST !,NOT TOO FAST !,NÉ TAK RYCHLE!,NICHT ZU SCHNELL!!,Не так быстро!,NIE TAK SZYBKO!,NEM TÚL GYORS!,NON TROPPO VELOCE!,¡NO TAN RAPIDO!,PAS SI VITE !,不要太快！,速すぎる!,NÃO DEMASIADO RÁPIDO!,不要太快！,
tpm_cant_trade_item,YOU CAN NOT TRADE THAT ITEM!,YOU CAN NOT TRADE THAT ITEM!,TUTO POLOŽKU NELZE VYMĚNIT!,SIE KÖNNEN DIESEN ARTIKEL NICHT HANDELN!,Этот товар нельзя продать.,NIE MOZESZ HANDLOWAC TYM PRZEDMIOTEM!,EZT A TÉTELET NEM KERESKEDIK!,NON PUOI COMMERCIALIZZARE QUESTO ARTICOLO!,¡NO PUEDE COMERCIAR ESTE ARTÍCULO!,VOUS NE POUVEZ PAS VENDRE CET OBJET !,你不能交易那個項目！,あなたはそのアイテムを取引することはできません,VOCÊ NÃO PODE COMERCIALIZAR ESTE ARTIGO!,你不能交易那个项目！,
tpm_empty_item_first,YOU NEED TO EMPTY THIS ITEM FIRST !,YOU NEED TO EMPTY THIS ITEM FIRST !,TENTO PŘEDMĚT MUSÍ BÝT VYPRÁZDNĚN!,SIE BRAUCHEN DIESEN ARTIKEL ZUERST LEER!,Вам необходимо сначала опустошить данный товар.,POTRZEBUJESZ TEN ARTYKUL NAJPIERW PUSTY!,KIÜLTENI KELL EZT A TÉTELET!,DEVI SVUOTARE PRIMA QUESTO ARTICOLO!,¡NECESITA VACIAR ESTE ARTÍCULO PRIMERO!,VOUS DEVEZ VIDER CET OBJET AVANT DE LE VENDRE !,你需要先清空這個項目！,中身を空にしてください,VOCÊ PRECISA ESVAZIAR ESTE ARTIGO PRIMEIRO!,你需要先清空这个项目！
tpm_stockqty,STOCK QUANTITY:,STOCK QUANTITY:,MNOŽSTVÍ SKLADU:,BESTANDSMENGE:,КОЛИЧЕСТВО НА СКЛАДЕ:,WIELKOSC ZBIORÓW:,KÉSZLET MENNYISÉGE:,QUANTITÀ DI MAGAZZINO:,CANTIDAD DE STOCK:,QUANTITE EN STOCK:,庫存數量：,在庫数:,QUANTIDADE EM ESTOQUE:,库存数量：,
tpm_buyprice,BUY PRICE:,BUY PRICE:,KOUPIT CENU:,KAUFPREIS:,ЦЕНА ПОКУПКИ:,CENA KUPNA:,VÁRÁS ÁR:,ACQUISTA PREZZO:,PRECIO DE COMPRA:,PRIX D'ACHAT:,購買價格：,販売価格:,PREÇO DE COMPRA:,购买价格：,
tpm_sellprice,SELL PRICE:,SELL PRICE:,PRODEJNÍ CENA:,VERKAUFSPREIS:,ЦЕНА ПРОДАЖИ:,CENA SPRZEDAŻY:,ELADÁSI ÁR:,PREZZO DI VENDITA:,PRECIO DE VENTA:,PRIX DE VENTE:,售價：,買取価格:,PREÇO DE VENDA:,售价：,
tpm_slot,SLOT:,SLOT:,SLOT:,SLOT:,СЛОТ:,OTWÓR :,RÉS:,FESSURA:,ESPACIO:,SLOT:,投幣口：,スロット:,SLOT:,投币口：,
tpm_buy,BUY,BUY,KOUPIT,KAUFEN,КУПИТЬ,KUP,MEGVESZ,ACQUISTARE,COMPRAR,ACHETER,買,購入,COMPRAR,买,
tpm_sell,SELL,SELL,PRODAT,VERKAUFEN,ПРОДАТЬ,SPRZEDAĆ,ELAD,VENDERE,VENDER,VENDRE,賣,売却,VENDER,卖,
tpm_inventory,INVENTORY,INVENTORY,INVENTÁŘ,INVENTAR,ИНВЕНТАРЬ,INWENTARZ,LELTÁR,INVENTARIO,INVENTARIO,INVENTAIRE,存貨,インベントリ,INVENTÁRIO,存货,
tpm_stock,STOCK,STOCK,SKLAD,LAGER,СКЛАД,ZBIORY,KÉSZLET,AZIONE,EXISTENCIAS,STOCK,股票,在庫,ESTOQUE,股票,
tpm_product_informations,PRODUCT INFORMATIONS,PRODUCT INFORMATIONS,INFORMACE O PRODUKTU,PRODUKTINFORMATION,ИНФОРМАЦИЯ О ТОВАРЕ,INFORMACJE O PRODUKCIE,TERMÉK INFORMÁCIÓ,INFORMAZIONI SUL PRODOTTO,INFORMACIÓN DEL PRODUCTO,INFORMATIONS PRODUIT,產品信息,製品情報,INFORMAÇÃO DO PRODUTO,产品信息,
tpm_tradeqty,TRADE QUANTITY:,TRADE QUANTITY:,MNOŽSTVÍ OBCHODU:,HANDELSMENGE:,КОЛИЧЕСТВО В СДЕЛКЕ:,ILOSC HANDLOWA:,KERESKEDELMI MENNYISÉG:,QUANTITÀ COMMERCIALE:,CANTIDAD COMERCIAL:,QUANTITÉ COMMERCIALE:,交易數量：,取引量:,QUANTIDADE COMERCIAL:,交易数量：,
tpm_inventory_count,INVENTORY COUNT:,INVENTORY COUNT:,POČET V INVENTÁŘI:,INVENTURZÄHLUNG:,ТОВАРЫ В ИНВЕНТАРЕ:,ILOSC ZAPASÓW:,KÉSZLET SZÃ?MOL:,CONTEGGIO D'INVENTARIO:,CUENTA DE INVENTARIO:,TOTAL DANS INVENTAIRE:,庫存數量：,インベントリ数:,CONTAGEM DE INVENTÁRIO:,库存数量：,
tpm_stock_count,STOCK COUNT:,STOCK COUNT:,POČET VE SKLADU:,LAGERZAHL:,КОЛИЧЕСТВО НА СКЛАДЕ:,LICZBA ZAPASÓW:,KÉSZLETSZÁM:,CONTEGGIO IN MAGAZZINO:,CUENTA EN STOCK:,STOCK TOTAL:,庫存數量：,在庫数:,STOCK COUNT:,库存数量：,
tpm_all,ALL,ALL,VŠE,ALLE.,ВСЕ,WSZYSTKO.,MINDEN.,TUTTI.,TODO.,TOUT.,全部.,すべて,TUDO.,全部.,
tpm_vehicles,VEHICLES,VEHICLES,Vozidla.,Fahrzeuge.,Транспортные средства,Pojazdy.,Járművek.,Veicoli.,Vehículos.,VEHICULES,車輛.,車両,Veículos.,车辆.,
tpm_sellable,SELLABLE,SELLABLE,PRODEJNÉ,VERKAUFBAR.,НА ПРОДАЖУ,SPRZEDAWALNOŚĆ.,ELADÓ.,VENDIBILE.,VENDO.,VENDABLE.,可售.,売却可能,VENDIDO.,可售.,
tpm_dont_enough_money,YOU DON'T HAVE ENOUGH MONEY!,YOU DON'T HAVE ENOUGH MONEY!,NEMÁTE DOSTATEK PENĚZ!,DU HAST NICHT GENUG GELD.,У ВАС НЕДОСТАТОЧНО ДЕНЕГ,ZA MAŁO PIENIĘDZY.,NINCS ELÉG PÉNZE.,NON HAI ABBASTANZA SOLDI.,NO TIENES SUFICIENTE DINERO.,VOUS N'AVEZ PAS ASSEZ D'ARGENT.,你沒有足夠的錢.,あなたは十分なお金を持っていません,VOCÊ NÃO TEM DINHEIRO SUFICIENTE.,你没有足够的钱.,
tpm_not_enough_qty_stock,THERE IS NOT ENOUGH QUANTITY IN STOCK!,THERE IS NOT ENOUGH QUANTITY IN STOCK!,NABÍZENÉ MNOŽSTVÍ NENÍ SKLADEM!,ES IST NICHT GENUG MENGE AUF LAGER.,ТОВАРА НЕТ В НАЛИЧИИ,W MAGAZYNIE NIE MA WYSTARCZAJĄCEJ ILOŚCI.,RAKTÁRON NEM ELÉG A MENNYISÉG.,NON C'È ABBASTANZA QUANTITÀ IN MAGAZZINO.,NO HAY SUFICIENTE CANTIDAD EN STOCK.,IL N'Y A PAS ASSEZ DE QUANTITÉ EN STOCK.,庫存數量不足.,十分な量の在庫がありません,NÃO HÁ QUANTIDADE SUFICIENTE EM ESTOQUE.,库存数量不足.,
tpm_sell_success,THE SELL WAS A SUCCESS!,THE SELL WAS A SUCCESS!,PRODEJ BYL ÚSPĚŠNÝ!,DER VERKAUF WAR EIN ERFOLG.,УСПЕШНАЯ ПРОДАЖА,SPRZEDAŻ BYŁA SUKCESEM.,AZ ELADÁS SIKER volt.,LA VENDITA E' STATA UN SUCCESSO.,LA VENTA FUE UN ÉXITO.,LA VENTE A ÉTÉ EFFECTUÉE.,賣出成功.,売却に成功した,A VENDA FOI UM SUCESSO.,卖出成功.,
tpm_sell_failed,THE SELL HAS FAILED!,THE SELL HAS FAILED!,PRODEJ SELHAL,DER VERKAUF IST FEHLGESCHLAGEN.,ПРОДАЖА НЕ СОСТОЯЛАСЬ,SPRZEDAŻ NIE POWIODŁA SIĘ.,Az eladás sikertelen volt.,LA VENDITA È FALLITA.,LA VENTA HA FALLADO.,LA VENTE A ÉCHOUÉ.,銷售失敗.,売却に失敗した,A VENDA FALHOU.,销售失败.,
tpm_buy_success,YOU SUCCESSFULLY GOT YOUR GOOD!,YOU SUCCESSFULLY GOT YOUR GOOD!,ÚSPĚŠNĚ SI ZÍSKAL SVÉ PŘEDMĚTY!,SIE HABEN IHR GUT ERFOLGREICH ERHALTEN.,ВЫ УСПЕШНО ПОЛУЧИЛИ ТОВАР,POMYŚLNIE OTRZYMASZ SWOJE DOBRO.,SIKERESEN JUTTAD JÓDAT.,HAI OTTENUTO CON SUCCESSO IL TUO BENE.,USTED CONSEGUIÓ EXITOSAMENTE SU ATÍCULO.,VOUS AVEZ BIEN REÇU VOTRE ACHAT.,你成功地得到了你的好處.,あなたはうまくあなたの良いものを手に入れました.,VOCÊ OBTEVE SEU BEM COM SUCESSO.,你成功地得到了你的好处.,
tpm_buy_failed,YOUR GOOD WASN'T ABLE TO BE GIVEN TO YOU !,YOUR GOOD WASN'T ABLE TO BE GIVEN TO YOU !,TVÉ PŘEDMĚTY TI NEMOHLY BÝT PŘEDÁNY!,DEIN GUT KANN DIR NICHT GEGEBEN WERDEN.,ТОВАР НЕ МОЖЕТ БЫТЬ ВЫДАН,TWOJEGO DOBRA NIE MOŻNA CI DAĆ.,JÓDAT NEM TUDTÁNAK NEKED NEM ADNI.,IL TUO BENE NON TI ERA IN GRADO DI ESSERE DATO.,TU BIEN NO PODRÍA SER DADO.,VOTRE ACHAT N'A PAS PU VOUS ÊTRE DONNÉ.,你的好東西不能給你.,購入に失敗した,SEU BEM NÃO PODERIA SER DADO A VOCÊ.,你的好东西不能给你.,
tpm_hand_attachments,HAND ATTACHMENTS,HAND ATTACHMENTS,RUČNÍ PŘÍSLUŠENSTVÍ,HANDBEFESTIGUNGEN.,РУЧНЫЕ ПРИСПОСОБЛЕНИЯ,PRZYSTAWKI DO RĘK.,KÉZI RENDSZEREK.,ATTACCHI A MANO.,ADJUNTOS PARA LAS MANOS.,ACCESSOIRES EN MAIN.,手動附件.,手持ち,ANEXOS DE MÃO.,手动附件.,
tpm_showall,SHOW ALL,SHOW ALL,UKÁZAT VŠE,ZEIGE ALLES.,ПОКАЗАТЬ ВСЕ,POKAŻ WSZYSTKO.,MUTASD AZ ÖSSZESET.,MOSTRA TUTTO.,MOSTRAR TODO.,AFFICHER TOUT.,顯示所有.,すべて表示する.,MOSTRE TUDO.,显示所有.,
tpm_licence_msg,YOU DON'T HAVE THE FOLLOWING LICENSES TO USE THE TRADER:,YOU DON'T HAVE THE FOLLOWING LICENSES TO USE THE TRADER:,K POUŽÍTÍ OBCHODNÍKA NEMÁŠ NÁSLEDUJÍCÍ LICENCE:,SIE HABEN NICHT DIE FOLGENDEN LIZENZEN = UM DEN TRADER ZU BENUTZEN:.,У вас нет следующей лицензии для торговли:,NIE POSIADASZ NASTĘPUJĄCYCH LICENCJI NA KORZYSTANIE Z PRZEDSIĘBIORCY:.,NEM VAN A KÖVETKEZŐ ENGEDÉLYEKKEL A KERESKEDŐ HASZNÁLATÁRA:.,NON HAI LE SEGUENTI LICENZE PER UTILIZZARE IL TRADER:.,USTED NO TIENE LAS SIGUIENTES LICENCIAS PARA USAR EL TRADER:.,VOUS N'AVEZ PAS LES LICENCES SUIVANTES POUR UTILISER LE COMMERCANT :.,您沒有使用交易者的以下許可：.,トレーダーを使用するための次のライセンスを持っていません。,VOCÊ NÃO TEM AS SEGUINTES LICENÇAS PARA USAR O COMERCIANTE:.,您没有使用交易者的以下许可：.,
tpm_licences,LICENSES,LICENSES,LICENCE,LIZENZEN,ЛИЦЕНЗИИ,LICENCJE,ENGEDÉLYEK,LICENZE,LICENCIAS,LICENCES,許可證,ライセンス,LICENÇAS,许可证,
tpm_money,MONEY:,MONEY:,PENÍZE:,GELD:,НАЛИЧНЫЕ:,PIENIĄDZE:,PÉNZ:,I SOLDI:,DINERO:,ARGENT:,錢:,所持金:,DINHEIRO:,钱:,
tpm_Itemname,ITEM NAME,ITEM NAME,NÁZEV POLOŽKY,ARTIKELNAME,НАЗВАНИЕ ПРЕДМЕТА,NAZWA ELEMENTU,TERMÉK NÉV,NOME DELL'ELEMENTO,NOMBRE DEL ÁRTICULO,NOM DE L'ARTICLE,項目名稱,アイテム名,NOME DO ITEM,项目名称,
tpm_health,HEALTH,HEALTH,ZDRAVÍ,GESUNDHEIT.,ЗДОРОВЬЕ,ZDROWIE.,EGÉSZSÉG.,SALUTE.,SALUD.,SANTÉ.,健康.,状態,SAÚDE.,健康.,
tpm_count,COUNT,COUNT,POČET,ANZAHL.,КОЛИЧЕСТВО,LICZYĆ.,SZÁMOL.,CONTARE.,CONTAR.,COMPTER.,數數.,数量,CONTAR.,数数.,
tpm_search,Search,Search,Vyhledat,Suche.,Поиск,Szukaj.,Keresés.,Ricerca.,Buscar.,Rechercher.,搜索.,検索,Procurar.,搜索.,
tpm_about_the_mod,About the Mod,About the Mod,O módu,Über die Mod.,О моде,O Mod.,A Mod-ról.,Informazioni sul mod.,Sobre el Mod.,À propos du module.,關於模組.,Modについて,Sobre o Mod.,关于模组.,
tpm_insurances,INSURANCES,INSURANCES,POJIŠTĚNÍ,VERSICHERUNGEN,СТРАХОВАНИЕ,UBEZPIECZENIA,BIZTOSÍTÁSOK,ASSICURAZIONI,SEGUROS,ASSURANCES,保险,保険,SEGUROS,保险,
tpm_vehicle_assured,VEHICLE INSURED,VEHICLE INSURED,VOZIDLO POJIŠTĚNO. ,FAHRZEUG VERSICHERT. ,АВТОМОБИЛЬ ЗАСТРАХОВАН. ,POJAZD UBEZPIECZONY. ,BIZTOSÍTOTT GÉPJÁRMŰ. ,VEICOLO ASSICURATO. ,VEHÍCULO ASEGURADO. ,VÉHICULE ASSURÉ. ,車輛保險. ,保険付き車両. ,VEÍCULO SEGURADO. ,车辆保险.,
tpm_size,ITEM SIZE:,ITEM SIZE:,VELIKOST POLOŽKY: ,ARTIKELGRÖSSE:,РАЗМЕР ПУНКТА:,ROZMIAR POZYCJI: ,TERMÉK MÉRETE: ,TAGLIA ARTICOLO: ,TAMAÑO DEL ARTÍCULO: ,TAILLE DE L'ARTICLE : ,商品尺寸：,アイテムサイズ:,TAMANHO DO ARTIGO:,商品尺寸:,
tpm_claim_insurance_money,CLAIM MONEY,CLAIM MONEY,ŽÁDEJTE PENÍZE,GELD BEANSPRUCHEN,ПОЛУЧИТЬ ДЕНЬГИ,ODBIERZ PIENIĄDZE,PÉNZIGÉNY,RICHIESTA SOLDI,RECLAMAR DINERO,RÉCLAMER DE L'ARGENT,索賠,補償金を請求,REQUER DINHEIRO,索赔,
tpm_donators_text,donations will be updated every new update,donations will be updated every new update,dary budou aktualizovány každou novou aktualizaci,Spenden werden bei jedem neuen Update aktualisiert,пожертвования будут обновляться каждое новое обновление,darowizny będą aktualizowane przy każdej nowej aktualizacji,az adományokat minden új frissítéskor frissíteni fogjuk,le donazioni verranno aggiornate ad ogni nuovo aggiornamento,las donaciones se actualizarán cada nueva actualización,Les dons seront mis à jour à chaque nouvelle mise à jour,每次更新都會更新捐款,寄付はあたらしいアップデート毎に更新されます,as doações serão atualizadas a cada nova atualização,每次更新都会更新捐款,
STR_creditcard,Credit Card,Credit Card,Kreditní karta,Kreditkarte,Кредитная карта,Karta kredytowa,Hitelkártya,Carta di credito,Tarjeta de crédito,Carte de crédit,信用卡,クレジットカード,Cartão de crédito,信用卡,
STR_creditcard_des,Premium credit card. Can be used for all kind of transaction. Still not accepted everywhere. Provided by chubby's bank.,Premium credit card. Can be used for all kind of transaction. Still not accepted everywhere. Provided by chubby's bank.,"Prémiová kreditní karta, kterou lze použít pro všechny druhy transakcí, bohužel stále není přijímána všude. Poskytuje chubbyho banka.",Premium-Kreditkarte. Kann für alle Arten von Transaktionen verwendet werden. Wird immer noch nicht überall akzeptiert. Zur Verfügung gestellt von molliger Bank.,Премиальная кредитная карта. Может использоваться для всех видов транзакций. По-прежнему не везде принимаются. Предоставлено chubby's bank.,Karta kredytowa premium. Może być używany do wszelkiego rodzaju transakcji. Wciąż nie wszędzie akceptowany. Dostarczone przez bank chubby.,Prémium hitelkártya. Minden típusú tranzakcióhoz használható. Még mindig nem mindenhol fogadják el. Pufók bankja biztosítja.,Carta di credito premium. Può essere utilizzato per tutti i tipi di transazione. Ancora non accettato ovunque. Fornito dalla banca di Chubby.,Tarjeta de crédito premium. Se puede utilizar para todo tipo de transacciones. Todavía no es aceptado en todas partes. Proporcionado por Chubby's Bank.,Carte de crédit premium. Peut être utilisé pour tout type de transaction. Toujours pas accepté partout. Fourni par la banque de Chubby.,高級信用卡。 可用於各種交易。 仍然沒有被到處接受。 由胖胖的銀行提供。,プレミアムクレジットカード。 各種お取引にご利用いただけます。 まだ、どこでも使えるわけではありません。チャビー銀行提供。,Cartão de crédito premium. Pode ser usado para todo tipo de transação. Ainda não é aceito em todos os lugares. Fornecido pelo banco do chubby.,高级信用卡。 可用于各种交易。 仍然没有被所有地方接受。 由胖胖的银行提供。,
STR_car_receipt,Car Receipt,Car Receipt,Potvrzení o vlastnictví auta,Autoquittung,Чек на автомобиль,Odbiór samochodu,Autóbevétel,Ricevuta dell'auto,Recibo de vehículo,Reçu de voiture,汽車收據,車のレシート,Recibo do carro,汽车收据,
STR_car_receipt_des,That receipt confirm that you own a car! Deploy it or throw it to get your car in game !,That receipt confirm that you own a car! Deploy it or throw it to get your car in game !,"Tento doklad potvrzuje, že vlastníte auto. Nasaďte jej nebo hoďte, abyste dostali své auto do hry. ","Diese Quittung bestätigt, dass Sie ein Auto besitzen. Setzen Sie es ein oder werfen Sie es, um Ihr Auto ins Spiel zu bringen. ","Эта квитанция подтверждает, что вы владеете автомобилем. Разверните его или бросьте, чтобы получить свою машину в игре.. ","Ten paragon potwierdza, że \u200b\u200bposiadasz samochód. Wdróż go lub rzuć, aby wprowadzić samochód do gry. ","Ez a nyugta igazolja, hogy van autója. Vezesd be vagy dobd be, hogy játékba lendítsd az autódat. ",Quella ricevuta conferma che possiedi un'auto. Schieralo o lancialo per far entrare la tua auto in gioco. ,Ese recibo confirma que eres dueño de un vehículo. Despliégalo o lánzalo para que tu vehículo entre en el juego.. ,Ce reçu confirme que vous possédez une voiture. Déployez-le ou lancez-le pour mettre votre voiture en jeu. ,該收據確認您擁有汽車. 部署它或扔掉它，讓您的汽車進入遊戲. ,その領収書はあなたが車を所有していることを確認します. それを展開するか投げて、あなたの車をゲームに入れましょう. ,Esse recibo confirma que você possui um carro. Implante-o ou jogue-o para colocar seu carro no jogo. ,该收据确认您拥有汽车. 部署它或扔掉它，让您的汽车进入游戏.,
STR_packing_wrench,Car Packing Wrench,Car Packing Wrench,Klíč na balení auta,Autoverpackungsschlüssel,Ключ для упаковки автомобиля,Klucz do pakowania samochodów,Autós csomagoló kulcs,Autós csomagoló kulcs,Herramienta de embalaje para vehículos,Clé d'emballage de voiture,汽車包裝扳手,車のパッキングレンチ,Chave de embalagem de carro,汽车包装扳手,
STR_packing_wrench_des,That reinforced wrench allows you to pack a car!,That reinforced wrench allows you to pack a car!,Tento vyztužený klíč ti umožní sbalit auto!,Mit diesem verstärkten Schraubenschlüssel können Sie ein Auto packen!,Этот усиленный ключ позволяет упаковать машину!,Ten wzmocniony klucz pozwala spakować samochód!,Ez a megerősített kulcs lehetővé teszi = hogy csomagoljon autót!,Quella chiave rinforzata ti permette di caricare un'auto!,¡Esta herramienta reforzada te permite Embalar un vehículo!,Cette clé renforcée vous permet d'emballer une voiture !,那個加強型扳手可以讓你裝車！,この強化レンチで車を収納することができます！,Essa chave reforçada permite que você carregue um carro!,那个加强型扳手可以让你装车！,
STR_1USD,1 USD,1 USD,1 USD,1 USD,1 USD,1 USD,1 USD,1 USD,1 USD,1 USD,1 USD,1 USD,1 USD,1 USD,
STR_2USD,2 USD,2 USD,2 USD,2 USD,2 USD,2 USD,2 USD,2 USD,2 USD,2 USD,2 USD,2 USD,2 USD,2 USD,
STR_5USD,5 USD,5 USD,5 USD,5 USD,5 USD,5 USD,5 USD,5 USD,5 USD,5 USD,5 USD,5 USD,5 USD,5 USD,
STR_10USD,10 USD,10 USD,10 USD,10 USD,10 USD,10 USD,10 USD,10 USD,10 USD,10 USD,10 USD,10 USD,10 USD,10 USD,
STR_20USD,20 USD,20 USD,20 USD,20 USD,20 USD,20 USD,20 USD,20 USD,20 USD,20 USD,20 USD,20 USD,20 USD,20 USD,
STR_50USD,50 USD,50 USD,50 USD,50 USD,50 USD,50 USD,50 USD,50 USD,50 USD,50 USD,50 USD,50 USD,50 USD,50 USD,
STR_100USD,100 USD,100 USD,100 USD,100 USD,100 USD,100 USD,100 USD,100 USD,100 USD,100 USD,100 USD,100 USD,100 USD,100 USD,
STR_5EUR,5 EUR,5 EUR,5 EUR,5 EUR,5 EUR,5 EUR,5 EUR,5 EUR,5 EUR,5 EUR,5 EUR,5 EUR,5 EUR,5 EUR,
STR_10EUR,10 EUR,10 EUR,10 EUR,10 EUR,10 EUR,10 EUR,10 EUR,10 EUR,10 EUR,10 EUR,10 EUR,10 EUR,10 EUR,10 EUR,
STR_20EUR,20 EUR,20 EUR,20 EUR,20 EUR,20 EUR,20 EUR,20 EUR,20 EUR,20 EUR,20 EUR,20 EUR,20 EUR,20 EUR,20 EUR,
STR_50EUR,50 EUR,50 EUR,50 EUR,50 EUR,50 EUR,50 EUR,50 EUR,50 EUR,50 EUR,50 EUR,50 EUR,50 EUR,50 EUR,50 EUR,
STR_100EUR,100 EUR,100 EUR,100 EUR,100 EUR,100 EUR,100 EUR,100 EUR,100 EUR,100 EUR,100 EUR,100 EUR,100 EUR,100 EUR,100 EUR,
STR_200EUR,200 EUR,200 EUR,200 EUR,200 EUR,200 EUR,200 EUR,200 EUR,200 EUR,200 EUR,200 EUR,200 EUR,200 EUR,200 EUR,200 EUR,
STR_500EUR,500 EUR,500 EUR,500 EUR,500 EUR,500 EUR,500 EUR,500 EUR,500 EUR,500 EUR,500 EUR,500 EUR,500 EUR,500 EUR,500 EUR,
STR_5RUB,5 RUB,5 RUB,5 RUB,5 RUB,5 RUB,5 RUB,5 RUB,5 RUB,5 RUB,5 RUB,5 RUB,5 RUB,5 RUB,5 RUB,
STR_10RUB,10 RUB,10 RUB,10 RUB,10 RUB,10 RUB,10 RUB,10 RUB,10 RUB,10 RUB,10 RUB,10 RUB,10 RUB,10 RUB,10 RUB,
STR_50RUB,50 RUB,50 RUB,50 RUB,50 RUB,50 RUB,50 RUB,50 RUB,50 RUB,50 RUB,50 RUB,50 RUB,50 RUB,50 RUB,50 RUB,
STR_100RUB,100 RUB,100 RUB,100 RUB,100 RUB,100 RUB,100 RUB,100 RUB,100 RUB,100 RUB,100 RUB,100 RUB,100 RUB,100 RUB,100 RUB,
STR_200RUB,200 RUB,200 RUB,200 RUB,200 RUB,200 RUB,200 RUB,200 RUB,200 RUB,200 RUB,200 RUB,200 RUB,200 RUB,200 RUB,200 RUB,
STR_500RUB,500 RUB,500 RUB,500 RUB,500 RUB,500 RUB,500 RUB,500 RUB,500 RUB,500 RUB,500 RUB,500 RUB,500 RUB,500 RUB,500 RUB,
STR_1000RUB,1000 RUB,1000 RUB,1000 RUB,1000 RUB,1000 RUB,1000 RUB,1000 RUB,1000 RUB,1000 RUB,1000 RUB,1000 RUB,1000 RUB,1000 RUB,1000 RUB,
STR_2000RUB,2000 RUB,2000 RUB,2000 RUB,2000 RUB,2000 RUB,2000 RUB,2000 RUB,2000 RUB,2000 RUB,2000 RUB,2000 RUB,2000 RUB,2000 RUB,2000 RUB,
STR_5000RUB,5000 RUB,5000 RUB,5000 RUB,5000 RUB,5000 RUB,5000 RUB,5000 RUB,5000 RUB,5000 RUB,5000 RUB,5000 RUB,5000 RUB,5000 RUB,5000 RUB,
STR_USD_des,Remains of the US occupation before the outbreak of the epedemia.,Remains of the US occupation before the outbreak of the epedemia.,Pozůstatky z americké okupace před vypuknutím epidémie.,Überreste der US-Besatzung vor Ausbruch der Epidemie.,Остатки американской оккупации до вспышки эпидемии.,Pozostałości po okupacji amerykańskiej przed wybuchem epedemii.,Az Egyesült Államok megszállásának maradványai az epedémia kitörése előtt.,Resti dell'occupazione statunitense prima dello scoppio dell'epidemia.,Restos de la ocupación estadounidense antes del estallido de la epidemia.,Vestiges de l'occupation américaine avant le déclenchement de l'épidémie.,瘟疫爆發前美國占領的遺跡。,疫病が流行する前のアメリカ占領の名残。,Restos da ocupação americana antes do início da epedemia.,瘟疫爆发前美国占领的遗迹。,
STR_EUR_des,European money before the outbreak of the epedemia.,European money before the outbreak of the epedemia.,Evropské peníze které byly používány před vypuknutím epidémie.,Europäisches Geld vor Ausbruch der Epidemie.,Европейские деньги до начала эпидемии.,Europejskie pieniądze przed wybuchem epedemii.,Európai pénz az epedémia kitörése előtt.,Soldi europei prima dello scoppio dell'epidemia.,Dinero europeo antes del estallido de la epidemia.,Monnaie européenne avant le déclenchement de l'épidémie.,疫情爆發前的歐洲錢。,疫病が発生する前のヨーロッパのお金,Dinheiro europeu antes da eclosão da epedemia.,疫情爆发前的欧洲钱。,
STR_RUB_des,This Currency was used in Chernarus before the Disease. It is now only used for trading.,This Currency was used in Chernarus before the Disease. It is now only used for trading.,Peníze které byly používány v Chernarusi před vypuknutím epidemie. Momentálně jsou používány pouze k obchodním záležitostem.,Europäisches Geld vor Ausbruch der Epidemie.,Российские деньги до начала эпидемии.,Europejskie pieniądze przed wybuchem epedemii.,Európai pénz az epedémia kitörése előtt.,Soldi europei prima dello scoppio dell'epidemia.,Dinero europeo antes del estallido de la epidemia.,Cette monnaie était utilisée à Chernarus avant le déclenchement de l'épidémie. Elle est maintenant utilisée pour les échanges.,疫情爆發前的歐洲錢。,この通貨は、疫病が流行する前のチェルナルスで使われていた。現在はトレードにのみ利用されている。,Dinheiro europeu antes da eclosão da epedemia.,疫情爆发前的欧洲钱。,
STR_Wallet,Wallet,Wallet,Peněženka,Brieftasche,Кошелёк,Portfel,Pénztárca,Cartera,Billetera,Portefeuille,錢包,財布,Carteira,钱包,
STR_Wallet_des,Old wallet that can carry money,Old wallet that can carry money,Stará peněženka - která unese peníze,Alte Brieftasche - die Geld tragen kann,"Старый кошелёк, в котором можно носить деньги.",Stary portfel - który może przewozić pieniądze,Régi pénztárca - amely pénzt hordozhat,Vecchio portafoglio che può trasportare denaro,Billetera vieja que puede llevar dinero ,Vieux portefeuille qui peut transporter de l'argent,可以裝錢的舊錢包,古い財布。お金を持ち運べる。,Carteira velha que pode levar dinheiro,可以装钱的旧钱包,
tpm_insurance,INSURANCE,INSURANCE,POJIŠTĚNÍ,VERSICHERUNG,СТРАХОВАНИЕ,UBEZPIECZENIE,BIZTOSÍTÁS,ASSICURAZIONE,SEGURO,ASSURANCE,保險,保険,SEGURO,保险,
tpm_market,MARKET,MARKET,TRH,MARKT,РЫНОК,RYNEK,PIAC,MERCATO,MERCADO,MARCHÉ,市場,市場,MERCADO,市场,
tpm_required_qty,REQUIRED QUANTITY:,REQUIRED QUANTITY:,POŽADOVANÉ MNOŽSTVÍ:,BENÖTIGTE MENGE:,НЕОБХОДИМОЕ КОЛИЧЕСТВО:,WYMAGANA ILOŚĆ:,SZÜKSÉGES MENNYISÉG:,QUANTITÀ RICHIESTA:,CANTIDAD REQUERIDA:,QUANTITÉ REQUISE:,所需數量:,必要な数量:,QUANTIDADE REQUERIDA:,所需数量:,
tpm_cant_claim_insurance,YOU CAN'T CLAIM THE INSURANCE WITH THIS TRADER !,YOU CAN'T CLAIM THE INSURANCE WITH THIS TRADER !,U TOHOTO OBCHODNÍKA NEMŮŽETE POJIŠTĚNÍ UPLATŇOVAT. ,SIE KÖNNEN DIE VERSICHERUNG BEI DIESEM HÄNDLER NICHT BEANTRAGEN. ,ВЫ НЕ МОЖЕТЕ ЗАЯВИТЬ СТРАХОВКУ С ЭТИМ ТРЕЙДЕРОМ. ,NIE MOŻESZ DOCHODZIĆ UBEZPIECZENIA U TEGO PRZEDSIĘBIORCY. ,NEM IGÉNYELHETŐ A BIZTOSÍTÁST EZZEL A KERESKEDŐNŐL. ,NON PUOI RICHIEDERE L'ASSICURAZIONE CON QUESTO COMMERCIANTE. ,NO PUEDES RECLAMAR EL SEGURO EN ESTE COMERCIANTE. ,VOUS NE POUVEZ PAS DEMANDER L'ASSURANCE AVEC CE COMMERCANT. ,您不能向該交易者索取保險. ,このトレーダーで保険を請求することはできません,VOCÊ NÃO PODE REQUERER O SEGURO COM ESTE COMERCIANTE. ,您不能向该交易者索取保险.,
STR_DIM,A Gold DIM Coin,A Gold DIM Coin,Zlatá DIM mince. ,Eine goldene DIM-Münze. ,Золотая монета DIM. ,Złota moneta DIM. ,Egy arany DIM érme. ,Una moneta d'oro DIM. ,Una moneda DIM de oro. ,Une pièce DIM en or. ,一枚 DIM 硬幣. ,DIM金貨 ,Uma moeda de ouro DIM. ,一枚 DIM 硬币.,
STR_DIM_des,A gold DIM coin forged in the name of the king of the trading: Dmitri Medeleiv.,A gold DIM coin forged in the name of the king of the trading: Dmitri Medeleiv.,Zlatá DIM mince ukovaná na jméno krále obchodování: Dmitrije Medelejeva. ,"Eine goldene DIM-Münze, geschmiedet im Namen des Königs des Handels: Dmitri Medeleiv. ","Золотая монета DIM, отчеканенная на имя короля торговли Дмитрия Меделеева.. ",Złota moneta DIM wykuta na imię króla handlu: Dmitrija Medeleiv. ,"Egy arany DIM érme, amelyet a kereskedés királyának, Dmitrij Medelyjevnek a nevére kovácsoltak. ",Una moneta DIM d'oro forgiata in nome del re del commercio: Dmitri Medeleiv. ,Una moneda DIM de oro forjada a nombre del rey del comercio: Dmitri Medeleiv. ,Une pièce DIM en or forgée au nom du roi du négoce : Dmitri Medeleiv. ,以交易之王的名義鑄造的 DIM 金幣：Dmitri Medeleiv. ,トレード王の名の元に鍛造された金のDIMコイン：Dmitri Medeleiv. ,Uma moeda de ouro DIM forjada em nome do rei do comércio: Dmitri Medeleiv. ,以交易之王的名义铸造的 DIM 金币：Dmitri Medeleiv.,
tpb_bank_amount,BANK AMOUNT:,BANK AMOUNT:,BANKOVNÍ ČÁSTKA:. ,BANKBETRAG:. ,СУММА БАНКА:,KWOTA BANKOWA:. ,BANKÖSSZEG:. ,IMPORTO BANCARIO:. ,IMPORTE BANCARIO:. ,MONTANT BANCAIRE :. ,銀行金額：. ,預金残高:,VALOR DO BANCO:. ,银行金额：.,
tpb_transaction_amount,TRANSACTION AMOUNT:,TRANSACTION AMOUNT:,TRANSAKČNÍ ČÁSTKA:. ,TRANSAKTIONSHÖHE:. ,СУММА СДЕЛКИ:,SUMA TRANSAKCYJNA:. ,TRANZAKCIÓ ÖSSZEGE:. ,TOTALE DELLA TRANSAZIONE:. ,CANTIDAD DE TRANSACCIÓN:. ,MONTANT DE LA TRANSACTION:. ,交易金額：. ,取引金額:,VALOR DA TRANSAÇÃO:. ,交易金额：.,
tpb_player_amount,PLAYER AMOUNT:,,,,,,,,,,,所持金:,,
tpb_deposit,DEPOSIT,DEPOSIT,VKLAD. ,EINZAHLUNG. ,ДЕПОЗИТ. ,DEPOZYT. ,LETÉT. ,DEPOSITARE. ,DEPOSITAR. ,VERSER. ,訂金. ,預け入れ,DEPÓSITO. ,订金.,
tpb_withdraw,WITHDRAW,WITHDRAW,USTOUPIT. ,AUSZAHLUNG. ,СНЯТЬ СО СЧЕТА. ,WYCOFAĆ. ,VISSZAVONÁS. ,RITIRARE. ,RETIRAR. ,RETIRER. ,提取. ,引き出し,RETIRAR O. ,提取.,
tpb_copyid,COPY ID,COPY ID,ZKOPÍROVAT ID. ,ID KOPIEREN. ,КОПИРОВАТЬ ИДЕНТИФИКАТОР. ,KOPIUJ ID. ,AZONOSÍTÓ MÁSOLÁSA. ,COPIA ID. ,COPIAR DNI. ,COPIER ID. ,複製 ID. ,IDをコピー,CÓPIA ID. ,复制 ID.,
tpb_id_account,ID ACCOUNT:,ID ACCOUNT:,ID ÚČET:. ,ID-KONTO:. ,ИДЕНТИФИКАЦИОННЫЙ АККАУНТ:. ,ID KONTA:. ,ID FIÓK:. ,CONTO ID:. ,CUENTA DE IDENTIFICACIÓN:. ,COMPTE D'IDENTIFICATION :. ,身份證號：. ,アカウントID,CONTA DE IDENTIFICAÇÃO:. ,身份证号：.,
tpb_player_account,PLAYER ACCOUNT,PLAYER ACCOUNT,HRÁČSKÝ ÚČET. ,SPIELERKONTO. ,СЧЕТ ИГРОКА. ,KONTO GRACZA. ,JÁTÉKOS FIÓK. ,CONTO GIOCATORE. ,CUENTA DE JUGADOR. ,COMPTE JOUEUR. ,玩家賬戶. ,プレイヤーアカウント,CONTA DE JOGADOR. ,玩家账户.,
tpb_player_transfer,PLAYER TRANSFER,PLAYER TRANSFER,PŘESTUP HRÁČŮ. ,SPIELERTRANSFER. ,ПЕРЕДАЧА ИГРОКА. ,TRANSFER GRACZY. ,JÁTÉKOS ÁTVÉTEL. ,TRASFERIMENTO GIOCATORI. ,TRANSFERENCIA A JUGADOR. ,TRANSFERT DE JOUEUR. ,球員轉會. ,プレイヤー間送金,TRANSFERÊNCIA DE JOGADOR. ,球员转会.,
tpb_fees,FEES,FEES,POPLATKY. ,GEBÜHREN. ,СБОРЫ. ,OPŁATY. ,DÍJAK. ,COMMISSIONI. ,COMISIÓN. ,FRAIS. ,費用. ,手数料,HONORÁRIOS. ,费用.,
tpb_transfer,TRANSFER,TRANSFER,PŘEVOD. ,TRANSFER. ,ПЕРЕДАЧА. ,PRZENOSIĆ. ,ÁTRUHÁZÁS. ,TRASFERIMENTO. ,TRANSFERIR. ,TRANSFERT. ,轉移. ,振込,TRANSFERIR. ,转移.,
tpb_transfer_amount,TRANSFER AMOUNT:,TRANSFER AMOUNT:,PŘEVODOVÁ ČÁSTKA:. ,ÜBERWEISUNGSBETRAG:. ,СУММА ПЕРЕВОДА:. ,KWOTA PRZELEWU:. ,AZ ÁTUTALÁS ÖSSZEGE:. ,IMPORTO DEL TRASFERIMENTO:. ,MONTO DE LA TRANSFERENCIA:. ,MONTANT DU TRANSFERT:. ,轉賬金額：. ,振込金額:,VALOR DA TRANSFERÊNCIA:. ,转账金额：.,
tpb_max,MAX:,MAX:,MAX:. ,MAX:. ,МАКСИМУМ:. ,MAX:. ,MAX:. ,MASSIMO:. ,MÁX:. ,MAX :. ,最大限度：. ,預金上限:,MÁX.:. ,最大限度：.,
tpb_number_only,ONLY NUMBER !,ONLY NUMBER !,POUZE ČÍSLO. ,NUR NUMMER. ,ТОЛЬКО НОМЕР. ,TYLKO NUMER. ,CSAK SZÁM. ,SOLO NUMERO. ,ÚNICO NÚMERO. ,SEUL NOMBRE. ,只有數字. ,数字のみ入力,APENAS NÚMERO. ,只有数字.,
tpb_over_max,OVER MAX !,OVER MAX !,NAD MAX. ,ÜBER MAX. ,БОЛЕЕ МАКС.. ,PONAD MAX. ,MAX. FELETT. ,OLTRE MAX. ,LIMITE MÁX.,AU-DESSUS DU MAX. ,超過最大值. ,預金上限を超えています,ACIMA DO MÁX.. ,超过最大值.,
tpm_bank_menu,Bank Menu,Bank Menu,Menu banky.,Bankmenü.,Меню банка.,Menu bankowe.,Bank menü.,Menù Banca.,Menú del banco.,Menu Banque.,銀行菜單.,バンキングメニュー,Menu do banco.,银行菜单.,
